date,weekday,is_weekend,is_public_holiday,public_holiday_name,school_holiday_name,festival_name,is_werder_heimspiel,is_month_start_payday,temp_max_c,temp_min_c,precip_mm,wind_max_kmh,sunset_hour
2024-10-31,3,False,True,Reformationstag,,,False,False,14.0,8.0,0.0,19.0,17.9
2024-11-01,4,False,False,,,,False,True,13.5,9.4,0.6,21.9,17.866666666666667
2024-11-02,5,True,False,,,,False,True,12.5,3.9,0.3,14.5,17.833333333333332
2024-11-03,6,True,False,,,,False,True,9.3,0.2,0.0,8.1,17.8
2024-11-04,0,False,False,,,,False,False,11.6,6.2,0.0,10.5,17.766666666666666
2024-11-05,1,False,False,,,,False,False,9.4,4.8,0.0,12.9,17.75
2024-11-06,2,False,False,,,,False,False,6.3,2.5,0.0,6.2,17.716666666666665
2024-11-07,3,False,False,,,,False,False,6.3,4.5,0.0,8.6,17.683333333333334
2024-11-08,4,False,False,,,,False,False,6.7,4.9,0.0,18.7,17.65
2024-11-09,5,True,False,,,,True,False,7.5,4.5,0.0,13.1,17.633333333333333
2024-11-10,6,True,False,,,,False,False,8.2,5.3,0.3,8.0,17.6
2024-11-11,0,False,False,,,,False,False,10.5,5.7,5.3,16.2,17.583333333333332
2024-11-12,1,False,False,,,,False,False,10.1,6.1,0.0,13.2,17.55
2024-11-13,2,False,False,,,,False,False,10.0,5.4,2.2,12.2,17.516666666666666
2024-11-14,3,False,False,,,,False,False,11.3,9.0,0.7,14.4,17.5
2024-11-15,4,False,False,,,,False,False,11.2,7.7,0.0,15.7,17.466666666666665
2024-11-16,5,True,False,,,,False,False,9.0,7.7,0.5,22.4,17.45
2024-11-17,6,True,False,,,,False,False,8.7,4.4,5.8,29.4,17.433333333333334
2024-11-18,0,False,False,,,,False,False,7.0,2.6,0.0,24.7,17.4
2024-11-19,1,False,False,,,,False,False,3.3,1.2,11.3,19.2,17.383333333333333
2024-11-20,2,False,False,,,,False,False,4.1,-0.2,1.7,21.3,17.366666666666667
2024-11-21,3,False,False,,,,False,False,3.4,-1.2,1.2,25.4,17.333333333333332
2024-11-22,4,False,False,,,,False,False,4.4,-1.1,1.5,27.0,17.316666666666666
2024-11-23,5,True,False,,,,False,False,5.4,0.6,2.1,26.0,17.3
2024-11-24,6,True,False,,,,False,False,15.8,4.5,7.8,29.9,17.283333333333335
2024-11-25,0,False,False,,,,False,False,16.7,9.6,1.9,28.3,17.266666666666666
2024-11-26,1,False,False,,,,False,False,10.2,5.6,4.3,20.9,17.25
2024-11-27,2,False,False,,,,False,False,10.1,2.3,8.0,36.7,17.233333333333334
2024-11-28,3,False,False,,,,False,False,8.0,2.7,3.5,35.7,17.216666666666665
2024-11-29,4,False,False,,,,False,False,6.7,-0.6,0.0,10.5,17.2
2024-11-30,5,True,False,,,,True,False,4.9,-0.7,0.0,12.6,17.2
2024-12-01,6,True,False,,,,False,True,4.9,-1.0,0.0,13.4,17.183333333333334
2024-12-02,0,False,False,,,,False,True,9.7,3.6,0.7,18.6,17.166666666666668
2024-12-03,1,False,False,,,,False,True,7.4,4.2,2.3,17.2,17.166666666666668
2024-12-04,2,False,False,,,,False,False,5.7,1.4,1.1,14.3,17.15
2024-12-05,3,False,False,,,,False,False,5.5,0.3,2.1,25.5,17.15
2024-12-06,4,False,False,,,,False,False,8.8,5.7,12.0,25.4,17.133333333333333
2024-12-07,5,True,False,,,,False,False,7.8,3.8,5.1,22.2,17.133333333333333
2024-12-08,6,True,False,,,,False,False,5.9,1.8,0.0,18.9,17.133333333333333
2024-12-09,0,False,False,,,,False,False,6.2,4.9,2.1,27.5,17.116666666666667
2024-12-10,1,False,False,,,,False,False,5.6,4.4,0.0,19.7,17.116666666666667
2024-12-11,2,False,False,,,,False,False,4.2,0.5,0.0,15.7,17.116666666666667
2024-12-12,3,False,False,,,,False,False,4.2,2.8,0.1,17.1,17.116666666666667
2024-12-13,4,False,False,,,,False,False,3.3,-1.9,0.0,13.5,17.116666666666667
2024-12-14,5,True,False,,,,False,False,4.4,-2.2,1.7,20.8,17.116666666666667
2024-12-15,6,True,False,,,,False,False,9.9,2.9,2.9,25.8,17.116666666666667
2024-12-16,0,False,False,,,,False,False,11.0,9.3,0.1,28.1,17.116666666666667
2024-12-17,1,False,False,,,,False,False,9.3,7.1,0.0,24.4,17.133333333333333
2024-12-18,2,False,False,,,,False,False,12.8,6.4,0.4,30.3,17.133333333333333
2024-12-19,3,False,False,,,,False,False,12.5,4.7,10.4,33.6,17.133333333333333
2024-12-20,4,False,False,,,,False,False,6.5,4.4,0.8,22.5,17.15
2024-12-21,5,True,False,,,,True,False,8.3,4.6,2.9,29.7,17.15
2024-12-22,6,True,False,,,,False,False,8.1,2.2,5.3,23.4,17.166666666666668
2024-12-23,0,False,False,,,,False,False,7.5,1.0,2.6,26.4,17.166666666666668
2024-12-24,1,False,False,,,,False,False,5.4,2.6,0.4,15.1,17.183333333333334
2024-12-25,2,False,True,Erster Weihnachtstag,,,False,False,8.7,5.3,0.3,13.6,17.2
2024-12-26,3,False,True,Zweiter Weihnachtstag,,,False,False,8.6,6.4,0.0,9.2,17.2
2024-12-27,4,False,False,,,,False,False,6.6,1.4,0.0,7.8,17.216666666666665
2024-12-28,5,True,False,,,,False,False,1.9,-1.2,0.0,10.6,17.233333333333334
2024-12-29,6,True,False,,,,False,False,3.9,-1.0,0.1,18.7,17.25
2024-12-30,0,False,False,,,,False,False,6.3,4.0,0.0,24.1,17.266666666666666
2024-12-31,1,False,False,,,,False,False,6.3,2.5,0.0,27.6,17.283333333333335
2025-01-01,2,False,True,Neujahr,,,False,True,8.4,4.9,6.2,38.9,17.3
2025-01-02,3,False,False,,,,False,True,5.8,1.6,1.3,29.2,17.316666666666666
2025-01-03,4,False,False,,,,False,True,2.9,-0.4,2.7,27.5,17.35
2025-01-04,5,True,False,,,,False,False,2.0,-1.8,0.0,16.2,17.366666666666667
2025-01-05,6,True,False,,,,False,False,9.4,-0.9,12.5,23.7,17.383333333333333
2025-01-06,0,False,False,,,,False,False,12.6,5.7,5.4,38.9,17.4
2025-01-07,1,False,False,,,,False,False,5.3,1.3,1.3,27.5,17.433333333333334
2025-01-08,2,False,False,,,,False,False,4.2,0.5,0.0,22.5,17.45
2025-01-09,3,False,False,,,,False,False,1.6,-1.2,1.4,18.4,17.466666666666665
2025-01-10,4,False,False,,,,False,False,3.8,-1.0,1.5,21.8,17.5
2025-01-11,5,True,False,,,,False,False,3.1,-1.9,0.0,13.7,17.516666666666666
2025-01-12,6,True,False,,,,False,False,3.3,-2.7,0.0,11.8,17.55
2025-01-13,0,False,False,,,,False,False,2.4,-4.3,0.0,13.2,17.583333333333332
2025-01-14,1,False,False,,,,False,False,3.8,-2.5,0.2,19.8,17.6
2025-01-15,2,False,False,,,,True,False,6.2,3.2,0.0,15.5,17.633333333333333
2025-01-16,3,False,False,,,,False,False,4.8,2.5,0.0,12.4,17.666666666666668
2025-01-17,4,False,False,,,,False,False,2.1,-2.5,0.0,8.5,17.683333333333334
2025-01-18,5,True,False,,,,False,False,0.8,-2.7,0.0,8.0,17.716666666666665
2025-01-19,6,True,False,,,,True,False,3.4,-2.9,0.0,9.2,17.75
2025-01-20,0,False,False,,,,False,False,-0.8,-3.6,0.0,11.2,17.783333333333335
2025-01-21,1,False,False,,,,False,False,2.1,-3.2,0.0,11.8,17.8
2025-01-22,2,False,False,,,,False,False,5.3,-1.7,0.3,14.8,17.833333333333332
2025-01-23,3,False,False,,,,False,False,5.9,2.5,7.4,22.7,17.866666666666667
2025-01-24,4,False,False,,,,False,False,8.1,3.6,3.3,27.5,17.9
2025-01-25,5,True,False,,,,False,False,7.2,4.6,9.0,15.7,17.933333333333334
2025-01-26,6,True,False,,,,False,False,4.8,2.7,2.4,16.4,17.95
2025-01-27,0,False,False,,,,False,False,12.0,2.9,3.7,29.4,17.983333333333334
2025-01-28,1,False,False,,,,False,False,10.6,5.3,1.9,20.9,18.016666666666666
2025-01-29,2,False,False,,,,False,False,8.2,5.9,4.2,28.4,18.05
2025-01-30,3,False,False,,,,False,False,6.2,3.0,3.6,15.3,18.083333333333332
2025-01-31,4,False,False,,,,True,False,6.5,0.5,0.0,17.4,18.116666666666667
2025-02-01,5,True,False,,,,False,True,4.9,-2.2,0.0,8.1,18.15
2025-02-02,6,True,False,,,,False,True,2.4,-3.2,0.0,7.8,18.183333333333334
2025-02-03,0,False,False,,,,False,True,3.9,-4.5,0.0,8.4,18.216666666666665
2025-02-04,1,False,False,,,,False,False,4.3,-1.7,0.0,15.1,18.25
2025-02-05,2,False,False,,,,False,False,7.7,-0.7,0.0,15.9,18.283333333333335
2025-02-06,3,False,False,,,,False,False,5.4,-0.1,0.0,11.5,18.3
2025-02-07,4,False,False,,,,False,False,4.3,-0.5,0.0,24.0,18.333333333333332
2025-02-08,5,True,False,,,,False,False,5.4,-0.4,0.0,19.8,18.366666666666667
2025-02-09,6,True,False,,,,False,False,4.9,-1.0,0.0,15.2,18.4
2025-02-10,0,False,False,,,,False,False,4.4,1.0,0.0,21.6,18.433333333333334
2025-02-11,1,False,False,,,,False,False,2.6,-0.2,1.0,24.9,18.466666666666665
2025-02-12,2,False,False,,,,False,False,1.8,-1.0,2.0,16.2,18.5
2025-02-13,3,False,False,,,,False,False,1.7,-5.8,0.9,14.5,18.533333333333335
2025-02-14,4,False,False,,,,False,False,2.4,-0.9,0.0,14.5,18.566666666666666
2025-02-15,5,True,False,,,,False,False,2.6,-2.6,0.0,8.5,18.6
2025-02-16,6,True,False,,,,True,False,2.0,-3.5,0.0,14.7,18.633333333333333
2025-02-17,0,False,False,,,,False,False,1.3,-5.2,0.0,11.5,18.666666666666668
2025-02-18,1,False,False,,,,False,False,2.0,-7.6,0.0,13.3,18.7
2025-02-19,2,False,False,,,,False,False,4.5,-4.6,0.0,20.8,18.733333333333334
2025-02-20,3,False,False,,,,False,False,7.8,-2.3,0.1,17.3,18.766666666666666
2025-02-21,4,False,False,,,,False,False,14.9,5.6,0.0,18.2,18.8
2025-02-22,5,True,False,,,,False,False,14.3,6.6,0.0,15.9,18.816666666666666
2025-02-23,6,True,False,,,,False,False,11.7,7.2,0.0,18.3,18.85
2025-02-24,0,False,False,,,,False,False,12.5,7.3,1.6,21.0,18.883333333333333
2025-02-25,1,False,False,,,,False,False,12.1,5.9,0.1,14.9,18.916666666666668
2025-02-26,2,False,False,,,,False,False,7.2,4.0,0.9,12.1,18.95
2025-02-27,3,False,False,,,,False,False,7.0,1.6,4.8,14.9,18.983333333333334
2025-02-28,4,False,False,,,,False,False,5.3,0.1,0.4,14.5,19.016666666666666
2025-03-01,5,True,False,,,,True,True,7.8,-0.1,0.0,10.9,19.05
2025-03-02,6,True,False,,,,False,True,8.5,-1.0,0.0,10.5,19.083333333333332
2025-03-03,0,False,False,,,,False,True,9.6,-0.9,0.0,11.0,19.116666666666667
2025-03-04,1,False,False,,,,False,False,10.8,-0.5,0.0,13.0,19.133333333333333
2025-03-05,2,False,False,,,,False,False,14.0,1.9,0.0,16.1,19.166666666666668
2025-03-06,3,False,False,,,,False,False,15.7,1.6,0.0,11.7,19.2
2025-03-07,4,False,False,,,,False,False,17.4,4.8,0.0,12.5,19.233333333333334
2025-03-08,5,True,False,,,,False,False,17.1,1.9,0.0,13.8,19.266666666666666
2025-03-09,6,True,False,,,,False,False,15.6,3.4,0.0,10.7,19.3
2025-03-10,0,False,False,,,,False,False,12.9,-0.5,0.0,10.3,19.333333333333332
2025-03-11,1,False,False,,,,False,False,8.0,0.6,0.4,12.0,19.35
2025-03-12,2,False,False,,,,False,False,7.8,1.0,0.4,13.6,19.383333333333333
2025-03-13,3,False,False,,,,False,False,7.1,-1.7,0.3,12.7,19.416666666666668
2025-03-14,4,False,False,,,,False,False,6.6,-1.2,2.7,12.4,19.45
2025-03-15,5,True,False,,,,True,False,7.0,-1.0,0.0,14.4,19.483333333333334
2025-03-16,6,True,False,,,,False,False,7.3,-3.1,0.1,14.8,19.516666666666666
2025-03-17,0,False,False,,,,False,False,6.8,-0.5,0.0,16.3,19.533333333333335
2025-03-18,1,False,False,,,,False,False,8.5,-3.6,0.0,7.8,19.566666666666666
2025-03-19,2,False,False,,,,False,False,12.2,-2.4,0.0,8.9,19.6
2025-03-20,3,False,False,,,,False,False,17.5,0.3,0.0,8.7,19.633333333333333
2025-03-21,4,False,False,,,,False,False,18.7,1.8,0.0,20.9,19.666666666666668
2025-03-22,5,True,False,,,,False,False,16.6,7.5,0.0,29.1,19.683333333333334
2025-03-23,6,True,False,,,,False,False,15.5,7.2,0.0,19.3,19.716666666666665
2025-03-24,0,False,False,,,,False,False,15.1,3.7,0.4,12.3,19.75
2025-03-25,1,False,False,,,,False,False,13.3,3.9,0.8,14.0,19.783333333333335
2025-03-26,2,False,False,,,,False,False,9.4,6.2,0.5,18.9,19.816666666666666
2025-03-27,3,False,False,,,,False,False,13.6,2.8,0.0,8.3,19.833333333333332
2025-03-28,4,False,False,,,,False,False,16.8,2.9,0.0,17.0,19.866666666666667
2025-03-29,5,True,False,,,,False,False,13.0,4.6,0.0,16.4,19.9
2025-03-30,6,True,False,,,,False,False,10.4,4.5,6.4,32.6,19.933333333333334
2025-03-31,0,False,False,,,,False,False,12.4,5.0,0.4,24.5,19.966666666666665
2025-04-01,1,False,False,,,,False,True,13.6,2.1,0.0,15.9,19.983333333333334
2025-04-02,2,False,False,,,,False,True,15.9,2.7,0.0,18.8,20.016666666666666
2025-04-03,3,False,False,,,,False,True,18.1,3.4,0.0,13.7,20.05
2025-04-04,4,False,False,,,,False,False,19.3,4.1,0.0,13.0,20.083333333333332
2025-04-05,5,True,False,,,,True,False,11.8,3.9,0.0,19.0,20.1
2025-04-06,6,True,False,,,,False,False,10.1,-0.6,0.0,11.7,20.133333333333333
2025-04-07,0,False,False,,Osterferien,,False,False,12.1,-0.4,0.0,12.9,20.166666666666668
2025-04-08,1,False,False,,Osterferien,,False,False,13.2,0.5,0.0,12.4,20.2
2025-04-09,2,False,False,,Osterferien,,False,False,11.6,3.0,0.0,17.7,20.233333333333334
2025-04-10,3,False,False,,Osterferien,,False,False,12.3,5.8,0.0,16.0,20.25
2025-04-11,4,False,False,,Osterferien,Osterwiese,False,False,16.5,5.6,0.0,20.9,20.283333333333335
2025-04-12,5,True,False,,Osterferien,Osterwiese,False,False,18.7,4.3,0.0,14.9,20.316666666666666
2025-04-13,6,True,False,,Osterferien,Osterwiese,False,False,18.9,10.8,0.7,20.2,20.35
2025-04-14,0,False,False,,Osterferien,Osterwiese,False,False,16.2,8.8,0.6,13.4,20.383333333333333
2025-04-15,1,False,False,,Osterferien,Osterwiese,False,False,22.5,10.3,0.4,19.7,20.4
2025-04-16,2,False,False,,Osterferien,Osterwiese,False,False,20.9,9.4,1.1,17.0,20.433333333333334
2025-04-17,3,False,False,,Osterferien,Osterwiese,False,False,11.2,8.4,0.4,21.2,20.466666666666665
2025-04-18,4,False,True,Karfreitag,Osterferien,Osterwiese,False,False,9.8,8.1,7.7,20.2,20.5
2025-04-19,5,True,False,,Osterferien,Osterwiese,True,False,12.8,5.8,0.3,11.9,20.516666666666666
2025-04-20,6,True,False,,,Osterwiese,False,False,14.5,2.6,0.0,6.2,20.55
2025-04-21,0,False,True,Ostermontag,,Osterwiese,False,False,17.0,6.5,4.6,13.8,20.583333333333332
2025-04-22,1,False,False,,,Osterwiese,False,False,15.7,8.9,2.3,13.8,20.616666666666667
2025-04-23,2,False,False,,,Osterwiese,False,False,15.8,6.4,9.5,14.9,20.65
2025-04-24,3,False,False,,,Osterwiese,False,False,15.8,10.1,4.2,14.8,20.666666666666668
2025-04-25,4,False,False,,,Osterwiese,False,False,14.6,6.4,0.3,10.8,20.7
2025-04-26,5,True,False,,,Osterwiese,False,False,17.4,5.1,0.0,13.8,20.733333333333334
2025-04-27,6,True,False,,,Osterwiese,True,False,16.8,5.8,0.0,13.6,20.766666666666666
2025-04-28,0,False,False,,,,False,False,19.0,3.9,0.0,10.6,20.8
2025-04-29,1,False,False,,,,False,False,19.1,7.3,0.0,11.9,20.816666666666666
2025-04-30,2,False,False,,,,False,False,20.9,7.3,0.0,8.8,20.85
2025-05-01,3,False,True,Erster Mai,,,False,True,25.4,9.0,0.0,9.8,20.883333333333333
2025-05-02,4,False,False,,,,False,True,22.5,10.8,4.2,17.3,20.916666666666668
2025-05-03,5,True,False,,,,False,True,15.5,6.6,0.0,19.6,20.933333333333334
2025-05-04,6,True,False,,,,False,False,11.9,6.6,0.4,24.9,20.966666666666665
2025-05-05,0,False,False,,,,False,False,13.9,6.8,0.3,14.7,21.0
2025-05-06,1,False,False,,,,False,False,13.3,3.6,0.1,19.4,21.033333333333335
2025-05-07,2,False,False,,,,False,False,16.6,3.7,0.0,12.9,21.05
2025-05-08,3,False,False,,,,False,False,15.3,6.1,0.0,13.8,21.083333333333332
2025-05-09,4,False,False,,,,False,False,18.6,4.5,0.0,16.0,21.116666666666667
2025-05-10,5,True,False,,,,True,False,18.3,5.5,0.0,11.4,21.133333333333333
2025-05-11,6,True,False,,,,False,False,20.9,9.1,0.0,12.7,21.166666666666668
2025-05-12,0,False,False,,,,False,False,18.5,8.6,0.0,15.7,21.2
2025-05-13,1,False,False,,,,False,False,20.0,6.5,0.0,13.8,21.216666666666665
2025-05-14,2,False,False,,,,False,False,17.5,9.5,0.0,18.7,21.25
2025-05-15,3,False,False,,,,False,False,17.2,7.9,0.0,19.6,21.283333333333335
2025-05-16,4,False,False,,,,False,False,16.8,7.6,0.1,20.3,21.3
2025-05-17,5,True,False,,,,False,False,16.9,7.1,0.8,24.5,21.333333333333332
2025-05-18,6,True,False,,,,False,False,17.2,8.2,0.0,18.3,21.35
2025-05-19,0,False,False,,,,False,False,19.7,9.0,0.0,11.2,21.383333333333333
2025-05-20,1,False,False,,,,False,False,21.7,8.8,0.0,15.7,21.4
2025-05-21,2,False,False,,,,False,False,17.6,8.5,0.0,22.3,21.433333333333334
2025-05-22,3,False,False,,,,False,False,12.8,8.4,2.0,26.5,21.45
2025-05-23,4,False,False,,,,False,False,14.4,6.1,3.3,17.1,21.483333333333334
2025-05-24,5,True,False,,,,False,False,16.9,6.8,0.8,21.7,21.5
2025-05-25,6,True,False,,,,False,False,18.9,11.8,9.1,23.5,21.533333333333335
2025-05-26,0,False,False,,,,False,False,17.5,9.7,0.7,21.5,21.55
2025-05-27,1,False,False,,,,False,False,17.0,11.7,6.9,32.3,21.566666666666666
2025-05-28,2,False,False,,,,False,False,17.3,10.5,4.5,23.4,21.6
2025-05-29,3,False,True,Christi Himmelfahrt,,,False,False,16.8,8.7,3.5,21.1,21.616666666666667
2025-05-30,4,False,False,,,,False,False,22.5,14.8,0.3,23.3,21.633333333333333
2025-05-31,5,True,False,,,,False,False,23.9,12.0,0.4,8.3,21.65
2025-06-01,6,True,False,,,,False,True,23.1,15.3,1.4,21.1,21.666666666666668
2025-06-02,0,False,False,,,,False,True,19.5,10.9,1.6,17.5,21.683333333333334
2025-06-03,1,False,False,,,,False,True,22.1,8.5,0.2,20.8,21.716666666666665
2025-06-04,2,False,False,,,,False,False,22.0,14.3,0.2,24.3,21.733333333333334
2025-06-05,3,False,False,,,,False,False,18.6,12.0,2.9,19.5,21.75
2025-06-06,4,False,False,,,,False,False,19.0,14.0,6.5,26.2,21.766666666666666
2025-06-07,5,True,False,,,,False,False,17.2,12.4,10.0,17.6,21.783333333333335
2025-06-08,6,True,False,,,,False,False,15.7,10.7,16.9,31.6,21.783333333333335
2025-06-09,0,False,True,Pfingstmontag,,,False,False,17.6,8.9,3.3,22.3,21.8
2025-06-10,1,False,False,,,,False,False,16.5,12.2,3.6,26.1,21.816666666666666
2025-06-11,2,False,False,,,,False,False,18.2,11.1,0.0,17.6,21.833333333333332
2025-06-12,3,False,False,,,,False,False,22.7,8.2,0.0,17.5,21.85
2025-06-13,4,False,False,,,,False,False,26.6,13.9,0.0,18.5,21.85
2025-06-14,5,True,False,,,,False,False,31.1,16.1,0.0,16.7,21.866666666666667
2025-06-15,6,True,False,,,,False,False,23.7,15.8,8.8,18.7,21.866666666666667
2025-06-16,0,False,False,,,,False,False,20.8,13.0,0.4,15.8,21.883333333333333
2025-06-17,1,False,False,,,,False,False,24.5,11.2,0.0,9.5,21.883333333333333
2025-06-18,2,False,False,,,,False,False,23.7,13.7,0.2,15.5,21.883333333333333
2025-06-19,3,False,False,,,,False,False,19.4,11.9,0.0,17.5,21.9
2025-06-20,4,False,False,,,,False,False,21.7,8.9,0.0,8.1,21.9
2025-06-21,5,True,False,,,,False,False,27.7,10.8,0.0,7.9,21.9
2025-06-22,6,True,False,,,,False,False,31.3,16.2,0.2,19.6,21.9
2025-06-23,0,False,False,,,,False,False,20.4,15.7,4.3,31.2,21.9
2025-06-24,1,False,False,,,,False,False,21.1,14.7,1.7,24.8,21.9
2025-06-25,2,False,False,,,,False,False,22.1,16.4,3.0,21.4,21.9
2025-06-26,3,False,False,,,,False,False,23.9,14.8,3.6,21.6,21.9
2025-06-27,4,False,False,,,,False,False,19.7,15.4,3.1,18.6,21.9
2025-06-28,5,True,False,,,,False,False,25.3,15.9,0.3,21.8,21.9
2025-06-29,6,True,False,,,,False,False,24.6,15.3,0.5,18.8,21.9
2025-06-30,0,False,False,,,,False,False,25.2,11.6,0.0,11.6,21.9
2025-07-01,1,False,False,,,,False,True,32.6,15.4,0.0,12.5,21.883333333333333
2025-07-02,2,False,False,,,,False,True,34.7,20.8,0.5,27.5,21.883333333333333
2025-07-03,3,False,False,,Sommerferien,,False,True,22.0,15.8,0.5,22.4,21.866666666666667
2025-07-04,4,False,False,,Sommerferien,,False,False,23.4,12.0,0.0,16.1,21.866666666666667
2025-07-05,5,True,False,,Sommerferien,,False,False,23.8,15.8,0.0,25.6,21.85
2025-07-06,6,True,False,,Sommerferien,,False,False,23.9,16.1,15.9,21.7,21.85
2025-07-07,0,False,False,,Sommerferien,,False,False,19.3,13.6,7.3,17.6,21.833333333333332
2025-07-08,1,False,False,,Sommerferien,,False,False,19.0,11.5,1.8,21.4,21.816666666666666
2025-07-09,2,False,False,,Sommerferien,,False,False,21.5,13.7,0.7,17.1,21.8
2025-07-10,3,False,False,,Sommerferien,,False,False,21.4,12.4,1.5,16.6,21.8
2025-07-11,4,False,False,,Sommerferien,,False,False,21.5,14.5,0.4,17.8,21.783333333333335
2025-07-12,5,True,False,,Sommerferien,,False,False,21.9,14.6,7.3,17.0,21.766666666666666
2025-07-13,6,True,False,,Sommerferien,,False,False,23.2,13.9,0.0,10.4,21.75
2025-07-14,0,False,False,,Sommerferien,,False,False,24.7,13.8,0.5,14.8,21.733333333333334
2025-07-15,1,False,False,,Sommerferien,,False,False,20.8,14.3,9.5,16.6,21.716666666666665
2025-07-16,2,False,False,,Sommerferien,,False,False,20.0,13.7,6.8,13.9,21.683333333333334
2025-07-17,3,False,False,,Sommerferien,,False,False,21.0,13.1,1.8,21.3,21.666666666666668
2025-07-18,4,False,False,,Sommerferien,,False,False,24.3,17.2,1.0,11.7,21.65
2025-07-19,5,True,False,,Sommerferien,,False,False,27.2,15.6,0.0,14.0,21.633333333333333
2025-07-20,6,True,False,,Sommerferien,,False,False,27.2,18.9,5.5,13.3,21.616666666666667
2025-07-21,0,False,False,,Sommerferien,,False,False,24.1,17.8,0.8,14.8,21.583333333333332
2025-07-22,1,False,False,,Sommerferien,,False,False,21.6,15.4,15.7,25.1,21.566666666666666
2025-07-23,2,False,False,,Sommerferien,,False,False,23.1,16.5,3.7,23.4,21.533333333333335
2025-07-24,3,False,False,,Sommerferien,,False,False,23.4,15.3,0.0,13.7,21.516666666666666
2025-07-25,4,False,False,,Sommerferien,,False,False,21.0,17.4,9.8,15.8,21.483333333333334
2025-07-26,5,True,False,,Sommerferien,,False,False,23.9,14.0,0.1,11.8,21.466666666666665
2025-07-27,6,True,False,,Sommerferien,,False,False,20.3,16.4,7.4,14.5,21.433333333333334
2025-07-28,0,False,False,,Sommerferien,,False,False,20.7,15.0,1.4,19.0,21.416666666666668
2025-07-29,1,False,False,,Sommerferien,,False,False,18.6,13.5,3.7,20.7,21.383333333333333
2025-07-30,2,False,False,,Sommerferien,,False,False,20.1,13.0,2.0,24.4,21.35
2025-07-31,3,False,False,,Sommerferien,,False,False,20.0,14.4,12.6,22.2,21.333333333333332
2025-08-01,4,False,False,,Sommerferien,,False,True,20.2,13.8,2.6,15.5,21.3
2025-08-02,5,True,False,,Sommerferien,,False,True,19.0,13.8,3.3,17.1,21.266666666666666
2025-08-03,6,True,False,,Sommerferien,,False,True,21.1,13.9,4.3,18.5,21.233333333333334
2025-08-04,0,False,False,,Sommerferien,,False,False,22.9,15.6,5.8,21.0,21.216666666666665
2025-08-05,1,False,False,,Sommerferien,,False,False,20.0,13.6,2.1,25.9,21.183333333333334
2025-08-06,2,False,False,,Sommerferien,,False,False,20.3,12.6,0.5,21.6,21.15
2025-08-07,3,False,False,,Sommerferien,,False,False,24.7,12.9,0.3,16.1,21.116666666666667
2025-08-08,4,False,False,,Sommerferien,,False,False,24.9,16.2,0.4,16.2,21.083333333333332
2025-08-09,5,True,False,,Sommerferien,,False,False,27.1,13.0,0.0,15.9,21.05
2025-08-10,6,True,False,,Sommerferien,,False,False,23.6,13.2,0.0,16.8,21.016666666666666
2025-08-11,0,False,False,,Sommerferien,,False,False,25.7,10.9,0.0,11.4,20.983333333333334
2025-08-12,1,False,False,,Sommerferien,,False,False,29.6,14.7,0.1,14.8,20.95
2025-08-13,2,False,False,,Sommerferien,,False,False,32.3,17.2,0.0,12.5,20.916666666666668
2025-08-14,3,False,False,,,,False,False,32.1,19.0,0.1,9.4,20.883333333333333
2025-08-15,4,False,False,,,,False,False,27.8,18.8,0.1,17.3,20.85
2025-08-16,5,True,False,,,,False,False,21.0,16.2,0.3,20.0,20.816666666666666
2025-08-17,6,True,False,,,,False,False,22.8,14.1,0.3,16.1,20.783333333333335
2025-08-18,0,False,False,,,,False,False,25.0,11.8,0.0,11.6,20.733333333333334
2025-08-19,1,False,False,,,,False,False,25.0,12.5,0.0,16.7,20.7
2025-08-20,2,False,False,,,,False,False,23.6,14.0,0.2,16.3,20.666666666666668
2025-08-21,3,False,False,,,,False,False,20.5,11.5,0.0,19.5,20.633333333333333
2025-08-22,4,False,False,,,,False,False,18.1,12.4,0.3,20.8,20.6
2025-08-23,5,True,False,,,,False,False,18.3,11.4,0.3,21.1,20.55
2025-08-24,6,True,False,,,,False,False,18.5,9.7,0.0,16.2,20.516666666666666
2025-08-25,0,False,False,,,,False,False,20.3,9.8,0.0,15.3,20.483333333333334
2025-08-26,1,False,False,,,,False,False,25.5,10.9,0.9,15.5,20.45
2025-08-27,2,False,False,,,,False,False,25.0,16.5,0.1,16.1,20.4
2025-08-28,3,False,False,,,,False,False,24.5,16.3,3.7,14.6,20.366666666666667
2025-08-29,4,False,False,,,,False,False,24.1,14.0,0.1,16.9,20.333333333333332
2025-08-30,5,True,False,,,,True,False,22.2,15.0,0.4,18.5,20.283333333333335
2025-08-31,6,True,False,,,,False,False,24.0,14.8,1.1,16.0,20.25
2025-09-01,0,False,False,,,,False,True,20.4,16.4,2.9,15.8,20.216666666666665
2025-09-02,1,False,False,,,,False,True,21.6,14.4,0.1,15.3,20.166666666666668
2025-09-03,2,False,False,,,,False,True,24.5,14.3,0.0,26.1,20.133333333333333
2025-09-04,3,False,False,,,,False,False,23.6,17.2,0.2,21.1,20.1
2025-09-05,4,False,False,,,,False,False,20.2,14.1,5.3,18.9,20.05
2025-09-06,5,True,False,,,,False,False,22.4,9.7,0.0,10.5,20.016666666666666
2025-09-07,6,True,False,,,,False,False,24.4,13.2,0.0,20.2,19.983333333333334
2025-09-08,0,False,False,,,,False,False,24.2,13.3,0.0,17.4,19.933333333333334
2025-09-09,1,False,False,,,,False,False,22.6,14.5,0.5,11.5,19.9
2025-09-10,2,False,False,,,,False,False,18.9,12.3,2.9,11.4,19.85
2025-09-11,3,False,False,,,,False,False,19.9,12.7,0.6,23.8,19.816666666666666
2025-09-12,4,False,False,,,,False,False,18.9,11.8,1.8,27.5,19.783333333333335
2025-09-13,5,True,False,,,,False,False,17.2,11.2,1.6,21.0,19.733333333333334
2025-09-14,6,True,False,,,,False,False,18.0,11.7,0.8,18.2,19.7
2025-09-15,0,False,False,,,,False,False,19.8,12.8,12.4,32.8,19.65
2025-09-16,1,False,False,,,,False,False,17.5,12.7,2.9,35.5,19.616666666666667
2025-09-17,2,False,False,,,,False,False,17.9,11.9,0.9,23.1,19.566666666666666
2025-09-18,3,False,False,,,,False,False,19.5,15.4,2.2,21.3,19.533333333333335
2025-09-19,4,False,False,,,,False,False,23.3,16.1,0.0,17.1,19.5
2025-09-20,5,True,False,,,,True,False,27.1,15.1,1.0,17.5,19.45
2025-09-21,6,True,False,,,,False,False,19.8,12.0,0.7,30.4,19.416666666666668
2025-09-22,0,False,False,,,,False,False,15.8,9.1,0.3,16.8,19.366666666666667
2025-09-23,1,False,False,,,,False,False,16.4,7.4,0.1,12.8,19.333333333333332
2025-09-24,2,False,False,,,,False,False,16.0,5.8,0.0,21.7,19.3
2025-09-25,3,False,False,,,,False,False,15.7,8.1,0.4,24.3,19.25
2025-09-26,4,False,False,,,,False,False,16.0,10.4,0.9,17.2,19.216666666666665
2025-09-27,5,True,False,,,,False,False,17.2,11.0,1.3,12.4,19.166666666666668
2025-09-28,6,True,False,,,,False,False,19.6,10.6,0.1,10.7,19.133333333333333
2025-09-29,0,False,False,,,,False,False,18.3,10.3,0.5,10.7,19.1
2025-09-30,1,False,False,,,,False,False,16.5,8.7,0.0,10.9,19.05
2025-10-01,2,False,False,,,,False,True,14.3,4.3,0.0,15.1,19.016666666666666
2025-10-02,3,False,False,,,,False,True,15.5,4.8,0.0,12.4,18.966666666666665
2025-10-03,4,False,True,Tag der Deutschen Einheit,,,False,True,15.3,5.9,0.0,21.1,18.933333333333334
2025-10-04,5,True,False,,,,True,False,13.8,9.2,30.5,31.7,18.9
2025-10-05,6,True,False,,,,False,False,13.6,10.0,1.4,27.7,18.85
2025-10-06,0,False,False,,,,False,False,14.3,10.7,3.0,24.7,18.816666666666666
2025-10-07,1,False,False,,,,False,False,18.4,11.4,0.2,14.0,18.766666666666666
2025-10-08,2,False,False,,,,False,False,16.8,12.7,0.6,13.6,18.733333333333334
2025-10-09,3,False,False,,,,False,False,15.0,11.2,0.1,17.6,18.7
2025-10-10,4,False,False,,,,False,False,16.9,11.2,0.2,18.7,18.65
2025-10-11,5,True,False,,,,False,False,16.8,13.3,0.2,17.2,18.616666666666667
2025-10-12,6,True,False,,,,False,False,15.3,12.0,0.2,17.4,18.583333333333332
2025-10-13,0,False,False,,Herbstferien,,False,False,15.7,9.5,0.0,10.2,18.55
2025-10-14,1,False,False,,Herbstferien,,False,False,14.8,9.5,0.5,17.4,18.5
2025-10-15,2,False,False,,Herbstferien,,False,False,14.5,9.7,0.4,11.4,18.466666666666665
2025-10-16,3,False,False,,Herbstferien,,False,False,15.0,10.0,1.8,17.8,18.433333333333334
2025-10-17,4,False,False,,Herbstferien,Freimarkt,False,False,13.2,9.5,1.7,15.2,18.4
2025-10-18,5,True,False,,Herbstferien,Freimarkt,False,False,10.5,2.1,0.0,11.0,18.366666666666667
2025-10-19,6,True,False,,Herbstferien,Freimarkt,False,False,11.5,3.4,0.0,17.6,18.316666666666666
2025-10-20,0,False,False,,Herbstferien,Freimarkt,False,False,14.7,5.5,1.4,18.5,18.283333333333335
2025-10-21,1,False,False,,Herbstferien,Freimarkt,False,False,14.9,11.7,5.3,28.1,18.25
2025-10-22,2,False,False,,Herbstferien,Freimarkt,False,False,14.7,10.5,1.0,15.8,18.216666666666665
2025-10-23,3,False,False,,Herbstferien,Freimarkt,False,False,16.1,9.2,11.3,30.2,18.183333333333334
2025-10-24,4,False,False,,Herbstferien,Freimarkt,True,False,11.5,8.2,2.6,36.3,18.15
2025-10-25,5,True,False,,Herbstferien,Freimarkt,False,False,11.2,7.5,3.5,28.2,18.1
2025-10-26,6,True,False,,,Freimarkt,False,False,11.2,4.8,7.2,36.2,18.066666666666666
2025-10-27,0,False,False,,,Freimarkt,False,False,10.1,6.3,2.6,28.3,18.033333333333335
2025-10-28,1,False,False,,,Freimarkt,False,False,13.0,6.6,10.0,27.9,18.0
2025-10-29,2,False,False,,,Freimarkt,False,False,13.7,8.6,0.0,21.4,17.966666666666665
2025-10-30,3,False,False,,,Freimarkt,False,False,12.6,7.7,7.2,30.2,17.933333333333334
2025-10-31,4,False,True,Reformationstag,,Freimarkt,False,False,12.0,5.5,0.0,12.2,17.9
2025-11-01,5,True,False,,,Freimarkt,False,True,14.9,8.7,3.0,19.2,17.866666666666667
2025-11-02,6,True,False,,,Freimarkt,False,True,12.9,8.2,0.9,16.4,17.85
2025-11-03,0,False,False,,,,False,True,12.3,7.1,0.7,22.6,17.816666666666666
2025-11-04,1,False,False,,,,False,False,15.9,11.3,0.0,19.6,17.783333333333335
2025-11-05,2,False,False,,,,False,False,15.6,9.8,0.0,14.0,17.75
2025-11-06,3,False,False,,,,False,False,13.9,6.0,0.0,12.3,17.716666666666665
2025-11-07,4,False,False,,,,True,False,11.2,2.9,0.0,7.9,17.7
2025-11-08,5,True,False,,,,False,False,9.5,8.2,1.0,7.2,17.666666666666668
2025-11-09,6,True,False,,,,False,False,11.5,7.8,1.2,10.6,17.633333333333333
2025-11-10,0,False,False,,,,False,False,10.1,4.1,0.0,13.2,17.616666666666667
2025-11-11,1,False,False,,,,False,False,11.9,5.8,1.5,19.6,17.583333333333332
2025-11-12,2,False,False,,,,False,False,13.9,7.8,0.0,18.2,17.55
2025-11-13,3,False,False,,,,False,False,16.0,9.9,0.0,22.2,17.533333333333335
2025-11-14,4,False,False,,,,False,False,12.0,6.7,20.0,19.7,17.5
2025-11-15,5,True,False,,,,False,False,6.6,5.5,11.4,25.1,17.483333333333334
2025-11-16,6,True,False,,,,False,False,6.5,2.1,3.8,14.1,17.45
2025-11-17,0,False,False,,,,False,False,6.0,1.9,0.5,15.8,17.433333333333334
2025-11-18,1,False,False,,,,False,False,6.7,2.2,1.1,21.2,17.4
2025-11-19,2,False,False,,,,False,False,4.8,1.8,10.6,19.9,17.383333333333333
2025-11-20,3,False,False,,,,False,False,3.9,-1.8,2.0,15.1,17.366666666666667
2025-11-21,4,False,False,,,,False,False,3.3,-4.1,0.0,10.6,17.35
2025-11-22,5,True,False,,,,False,False,4.1,-1.8,0.0,17.2,17.333333333333332
2025-11-23,6,True,False,,,,False,False,2.5,-2.2,3.1,22.5,17.3
2025-11-24,0,False,False,,,Weihnachtsmarkt,False,False,5.3,1.1,0.7,19.5,17.283333333333335
2025-11-25,1,False,False,,,Weihnachtsmarkt,False,False,5.2,-0.5,0.0,10.0,17.266666666666666
2025-11-26,2,False,False,,,Weihnachtsmarkt,False,False,5.2,0.8,0.0,9.4,17.25
2025-11-27,3,False,False,,,Weihnachtsmarkt,False,False,6.2,0.0,3.3,22.9,17.233333333333334
2025-11-28,4,False,False,,,Weihnachtsmarkt,False,False,8.7,6.5,0.9,20.4,17.233333333333334
2025-11-29,5,True,False,,,Weihnachtsmarkt,True,False,10.0,7.4,0.0,17.2,17.216666666666665
2025-11-30,6,True,False,,,Weihnachtsmarkt,False,False,9.7,4.1,0.5,18.7,17.2
2025-12-01,0,False,False,,,Weihnachtsmarkt,False,True,7.3,3.0,0.0,20.9,17.183333333333334
2025-12-02,1,False,False,,,Weihnachtsmarkt,False,True,6.0,4.4,1.6,20.0,17.183333333333334
2025-12-03,2,False,False,,,Weihnachtsmarkt,False,True,8.3,4.3,0.1,8.9,17.166666666666668
2025-12-04,3,False,False,,,Weihnachtsmarkt,False,False,6.6,1.4,2.4,10.9,17.15
2025-12-05,4,False,False,,,Weihnachtsmarkt,False,False,4.5,-1.5,0.0,10.7,17.15
2025-12-06,5,True,False,,,Weihnachtsmarkt,False,False,6.9,3.2,4.3,19.3,17.133333333333333
2025-12-07,6,True,False,,,Weihnachtsmarkt,False,False,10.3,6.5,7.1,19.5,17.133333333333333
2025-12-08,0,False,False,,,Weihnachtsmarkt,False,False,12.5,9.5,5.1,24.5,17.133333333333333
2025-12-09,1,False,False,,,Weihnachtsmarkt,False,False,12.2,11.3,4.2,17.5,17.116666666666667
2025-12-10,2,False,False,,,Weihnachtsmarkt,False,False,13.1,10.4,2.2,19.4,17.116666666666667
2025-12-11,3,False,False,,,Weihnachtsmarkt,False,False,9.8,5.5,0.0,19.8,17.116666666666667
2025-12-12,4,False,False,,,Weihnachtsmarkt,False,False,7.7,0.9,0.0,12.0,17.116666666666667
2025-12-13,5,True,False,,,Weihnachtsmarkt,False,False,9.7,4.2,0.0,17.0,17.116666666666667
2025-12-14,6,True,False,,,Weihnachtsmarkt,True,False,7.9,3.8,0.0,21.5,17.116666666666667
2025-12-15,0,False,False,,,Weihnachtsmarkt,False,False,8.2,3.8,0.0,16.8,17.116666666666667
2025-12-16,1,False,False,,,Weihnachtsmarkt,False,False,9.7,4.4,0.0,15.7,17.116666666666667
2025-12-17,2,False,False,,,Weihnachtsmarkt,False,False,8.9,4.6,0.1,12.8,17.133333333333333
2025-12-18,3,False,False,,,Weihnachtsmarkt,False,False,10.5,6.3,0.0,21.5,17.133333333333333
2025-12-19,4,False,False,,,Weihnachtsmarkt,False,False,12.2,6.5,0.4,21.8,17.133333333333333
2025-12-20,5,True,False,,,Weihnachtsmarkt,False,False,6.0,2.2,0.0,13.2,17.15
2025-12-21,6,True,False,,,Weihnachtsmarkt,False,False,8.3,5.8,0.0,17.4,17.15
2025-12-22,0,False,False,,Weihnachtsferien,Weihnachtsmarkt,False,False,6.3,3.3,0.0,19.6,17.166666666666668
2025-12-23,1,False,False,,Weihnachtsferien,Weihnachtsmarkt,False,False,3.3,0.0,0.0,21.1,17.166666666666668
2025-12-24,2,False,False,,Weihnachtsferien,,False,False,1.9,-3.1,0.0,20.8,17.183333333333334
2025-12-25,3,False,True,Erster Weihnachtstag,Weihnachtsferien,,False,False,-2.3,-5.9,0.0,15.9,17.2
2025-12-26,4,False,True,Zweiter Weihnachtstag,Weihnachtsferien,,False,False,-0.6,-7.0,0.0,11.1,17.2
2025-12-27,5,True,False,,Weihnachtsferien,,False,False,4.9,-3.2,0.0,14.6,17.216666666666665
2025-12-28,6,True,False,,Weihnachtsferien,,False,False,0.4,-4.0,0.0,14.3,17.233333333333334
2025-12-29,0,False,False,,Weihnachtsferien,,False,False,5.0,-0.8,0.0,19.3,17.25
2025-12-30,1,False,False,,Weihnachtsferien,,False,False,2.8,-2.7,0.0,12.7,17.266666666666666
2025-12-31,2,False,False,,Weihnachtsferien,,False,False,4.8,-2.2,3.5,27.6,17.283333333333335
2026-01-01,3,False,True,Neujahr,Weihnachtsferien,,False,True,3.7,1.7,2.5,37.0,17.3
2026-01-02,4,False,False,,Weihnachtsferien,,False,True,2.3,-0.7,5.6,30.2,17.316666666666666
2026-01-03,5,True,False,,Weihnachtsferien,,False,True,0.6,-2.2,3.8,27.7,17.333333333333332
2026-01-04,6,True,False,,Weihnachtsferien,,False,False,0.9,-3.0,0.3,20.0,17.35
2026-01-05,0,False,False,,Weihnachtsferien,,False,False,-0.1,-3.4,2.0,18.6,17.383333333333333
2026-01-06,1,False,False,,,,False,False,-0.6,-3.9,0.6,15.5,17.4
2026-01-07,2,False,False,,,,False,False,0.2,-2.4,0.5,21.8,17.416666666666668
2026-01-08,3,False,False,,,,False,False,1.8,-0.8,1.3,18.9,17.45
2026-01-09,4,False,False,,,,False,False,0.3,-3.9,10.9,32.8,17.466666666666665
2026-01-10,5,True,False,,,,False,False,-2.8,-5.5,0.6,30.1,17.5
2026-01-11,6,True,False,,,,False,False,-6.3,-13.3,0.0,12.9,17.516666666666666
2026-01-12,0,False,False,,,,False,False,2.5,-7.5,3.1,18.9,17.55
2026-01-13,1,False,False,,,,False,False,5.5,1.6,1.0,17.3,17.566666666666666
2026-01-14,2,False,False,,,,False,False,6.9,0.2,8.2,16.7,17.6
2026-01-15,3,False,False,,,,False,False,10.2,0.2,7.6,17.6,17.633333333333333
2026-01-16,4,False,False,,,,True,False,11.5,6.7,0.7,21.5,17.65
2026-01-17,5,True,False,,,,False,False,7.3,1.6,0.1,14.7,17.683333333333334
2026-01-18,6,True,False,,,,False,False,3.9,0.3,0.0,15.6,17.716666666666665
2026-01-19,0,False,False,,,,False,False,3.6,-1.8,0.0,14.1,17.733333333333334
2026-01-20,1,False,False,,,,False,False,4.0,-3.5,0.0,11.6,17.766666666666666
2026-01-21,2,False,False,,,,False,False,4.4,-2.4,0.0,13.7,17.8
2026-01-22,3,False,False,,,,False,False,0.1,-4.0,0.0,17.7,17.833333333333332
2026-01-23,4,False,False,,,,False,False,-1.6,-3.9,0.0,19.2,17.85
2026-01-24,5,True,False,,,,False,False,-0.7,-4.1,1.0,19.7,17.883333333333333
2026-01-25,6,True,False,,,,False,False,0.3,-3.3,0.0,20.3,17.916666666666668
2026-01-26,0,False,False,,,,False,False,0.8,-1.3,7.7,13.5,17.95
2026-01-27,1,False,False,,,,True,False,0.8,-1.0,0.0,20.3,17.983333333333334
2026-01-28,2,False,False,,,,False,False,-0.1,-1.6,0.0,19.5,18.016666666666666
2026-01-29,3,False,False,,,,False,False,0.1,-1.4,0.5,18.7,18.05
2026-01-30,4,False,False,,,,False,False,-1.0,-2.5,1.6,19.7,18.066666666666666
2026-01-31,5,True,False,,,,True,False,0.2,-2.1,0.0,22.0,18.1
2026-02-01,6,True,False,,,,False,True,-2.3,-5.3,0.1,19.5,18.133333333333333
2026-02-02,0,False,False,,Winterferien,,False,True,-4.4,-8.0,0.0,19.8,18.166666666666668
2026-02-03,1,False,False,,Winterferien,,False,True,-4.4,-7.8,0.0,23.8,18.2
2026-02-04,2,False,False,,,,False,False,-2.9,-4.7,2.3,21.6,18.233333333333334
2026-02-05,3,False,False,,,,False,False,-2.2,-4.2,3.3,19.0,18.266666666666666
2026-02-06,4,False,False,,,,False,False,1.4,-2.1,0.0,14.6,18.3
2026-02-07,5,True,False,,,,False,False,3.1,0.3,0.2,12.3,18.333333333333332
2026-02-08,6,True,False,,,,False,False,2.2,0.7,0.0,13.3,18.366666666666667
2026-02-09,0,False,False,,,,False,False,3.2,0.5,0.0,15.7,18.4
2026-02-10,1,False,False,,,,False,False,5.5,-0.2,3.1,14.8,18.433333333333334
2026-02-11,2,False,False,,,,False,False,4.9,2.1,2.7,11.0,18.466666666666665
2026-02-12,3,False,False,,,,False,False,4.3,2.1,12.3,12.9,18.5
2026-02-13,4,False,False,,,,False,False,1.4,-1.3,7.3,15.7,18.533333333333335
2026-02-14,5,True,False,,,,True,False,-0.3,-3.9,1.0,14.1,18.566666666666666
2026-02-15,6,True,False,,,,False,False,0.7,-8.4,0.0,23.5,18.583333333333332
2026-02-16,0,False,False,,,,False,False,0.1,-2.4,5.9,21.7,18.616666666666667
2026-02-17,1,False,False,,,,False,False,3.5,-0.7,4.2,17.8,18.65
2026-02-18,2,False,False,,,,False,False,1.1,-3.5,0.1,14.9,18.683333333333334
2026-02-19,3,False,False,,,,False,False,0.1,-4.5,0.0,20.2,18.716666666666665
2026-02-20,4,False,False,,,,False,False,3.5,-4.2,1.5,19.6,18.75
2026-02-21,5,True,False,,,,False,False,9.9,3.5,4.6,26.9,18.783333333333335
2026-02-22,6,True,False,,,,False,False,10.9,7.6,13.4,25.4,18.816666666666666
2026-02-23,0,False,False,,,,False,False,9.8,6.2,7.7,26.4,18.85
2026-02-24,1,False,False,,,,False,False,11.0,4.2,0.0,17.3,18.883333333333333
2026-02-25,2,False,False,,,,False,False,14.5,5.7,0.0,13.7,18.916666666666668
2026-02-26,3,False,False,,,,False,False,16.3,8.0,0.0,17.0,18.95
2026-02-27,4,False,False,,,,False,False,17.6,9.5,0.0,19.4,18.983333333333334
2026-02-28,5,True,False,,,,True,False,14.2,8.6,5.3,27.3,19.0
2026-03-01,6,True,False,,,,False,True,12.0,3.4,0.0,24.2,19.033333333333335
2026-03-02,0,False,False,,,,False,True,15.2,6.6,0.0,14.2,19.066666666666666
2026-03-03,1,False,False,,,,False,True,15.6,5.2,0.0,12.4,19.1
2026-03-04,2,False,False,,,,False,False,11.8,1.7,0.0,11.1,19.133333333333333
2026-03-05,3,False,False,,,,False,False,15.7,3.0,0.0,14.3,19.166666666666668
2026-03-06,4,False,False,,,,False,False,16.7,3.8,0.0,12.3,19.2
2026-03-07,5,True,False,,,,False,False,16.4,3.0,0.0,8.8,19.233333333333334
2026-03-08,6,True,False,,,,False,False,16.1,5.9,0.0,11.3,19.25
2026-03-09,0,False,False,,,,False,False,16.9,4.0,0.0,10.7,19.283333333333335
2026-03-10,1,False,False,,,,False,False,17.0,2.7,3.0,13.2,19.316666666666666
2026-03-11,2,False,False,,,,False,False,12.3,7.8,5.4,24.6,19.35
2026-03-12,3,False,False,,,,False,False,12.4,4.0,0.0,25.8,19.383333333333333
2026-03-13,4,False,False,,,,False,False,12.0,5.6,6.7,27.9,19.416666666666668
2026-03-14,5,True,False,,,,False,False,6.3,3.6,8.3,8.6,19.433333333333334
2026-03-15,6,True,False,,,,True,False,9.0,1.4,0.0,15.9,19.466666666666665
2026-03-16,0,False,False,,,,False,False,8.5,3.8,5.4,21.6,19.5
2026-03-17,1,False,False,,,,False,False,10.2,1.9,0.3,14.5,19.533333333333335
2026-03-18,2,False,False,,,,False,False,13.3,4.0,0.0,13.9,19.566666666666666
2026-03-19,3,False,False,,,,False,False,14.4,1.7,0.0,10.4,19.6
2026-03-20,4,False,False,,,,False,False,11.6,3.8,0.0,10.6,19.616666666666667
2026-03-21,5,True,False,,,,False,False,10.1,2.0,0.2,15.4,19.65
2026-03-22,6,True,False,,,,False,False,14.3,2.2,0.0,13.2,19.683333333333334
2026-03-23,0,False,False,,Osterferien,,False,False,14.9,1.2,0.0,7.4,19.716666666666665
2026-03-24,1,False,False,,Osterferien,,False,False,13.9,5.0,0.0,26.5,19.75
2026-03-25,2,False,False,,Osterferien,,False,False,12.5,3.3,5.9,40.9,19.766666666666666
2026-03-26,3,False,False,,Osterferien,,False,False,6.5,1.1,1.1,24.6,19.8
2026-03-27,4,False,False,,Osterferien,Osterwiese,False,False,8.9,-0.9,5.5,14.9,19.833333333333332
2026-03-28,5,True,False,,Osterferien,Osterwiese,False,False,7.9,2.9,4.8,18.4,19.866666666666667
2026-03-29,6,True,False,,Osterferien,Osterwiese,False,False,10.4,1.5,0.8,23.7,19.9
2026-03-30,0,False,False,,Osterferien,Osterwiese,False,False,8.3,3.2,7.6,32.5,19.916666666666668
2026-03-31,1,False,False,,Osterferien,Osterwiese,False,False,10.1,3.1,1.4,23.3,19.95
2026-04-01,2,False,False,,Osterferien,Osterwiese,False,True,12.1,2.8,0.0,9.9,19.983333333333334
2026-04-02,3,False,False,,Osterferien,Osterwiese,False,True,10.9,1.4,1.0,17.4,20.016666666666666
2026-04-03,4,False,True,Karfreitag,Osterferien,Osterwiese,False,True,10.7,3.1,0.5,24.1,20.033333333333335
2026-04-04,5,True,False,,Osterferien,Osterwiese,True,False,13.3,7.7,2.1,25.5,20.066666666666666
2026-04-05,6,True,False,,Osterferien,Osterwiese,False,False,14.0,7.6,0.5,31.3,20.1
2026-04-06,0,False,True,Ostermontag,Osterferien,Osterwiese,False,False,11.5,4.4,0.0,23.4,20.133333333333333
2026-04-07,1,False,False,,Osterferien,Osterwiese,False,False,12.8,1.7,0.0,10.2,20.166666666666668
2026-04-08,2,False,False,,,Osterwiese,False,False,14.6,1.6,0.0,13.9,20.183333333333334
2026-04-09,3,False,False,,,Osterwiese,False,False,14.2,4.8,1.4,20.8,20.216666666666665
2026-04-10,4,False,False,,,Osterwiese,False,False,11.5,6.4,5.0,21.9,20.25
2026-04-11,5,True,False,,,Osterwiese,False,False,15.4,3.3,0.0,24.9,20.283333333333335
2026-04-12,6,True,False,,,Osterwiese,False,False,13.9,5.9,2.8,19.7,20.316666666666666
2026-04-13,0,False,False,,,,False,False,11.8,4.6,4.4,11.2,20.333333333333332
2026-04-14,1,False,False,,,,False,False,14.4,7.6,1.5,18.1,20.366666666666667
2026-04-15,2,False,False,,,,False,False,17.1,4.3,0.0,11.7,20.4
2026-04-16,3,False,False,,,,False,False,18.2,8.2,0.2,15.5,20.433333333333334
2026-04-17,4,False,False,,,,False,False,18.9,7.2,0.4,9.3,20.45
2026-04-18,5,True,False,,,,True,False,18.4,8.2,0.0,13.6,20.483333333333334
2026-04-19,6,True,False,,,,False,False,12.4,7.2,1.8,20.4,20.516666666666666
2026-04-20,0,False,False,,,,False,False,10.7,4.5,6.1,18.1,20.55
2026-04-21,1,False,False,,,,False,False,12.7,1.4,0.0,15.2,20.583333333333332
2026-04-22,2,False,False,,,,False,False,15.2,0.7,0.0,12.6,20.6
2026-04-23,3,False,False,,,,False,False,14.1,4.0,0.0,19.6,20.633333333333333
2026-04-24,4,False,False,,,,False,False,13.5,5.4,0.0,20.4,20.666666666666668
2026-04-25,5,True,False,,,,False,False,13.5,5.0,0.0,22.1,20.7
2026-04-26,6,True,False,,,,False,False,14.5,3.2,0.0,15.1,20.733333333333334
2026-04-27,0,False,False,,,,False,False,11.7,1.9,0.0,11.4,20.75
2026-04-28,1,False,False,,,,False,False,16.0,5.1,0.0,19.1,20.783333333333335
2026-04-29,2,False,False,,,,False,False,16.3,3.8,0.0,14.8,20.816666666666666
2026-04-30,3,False,False,,,,False,False,18.7,4.6,0.0,12.1,20.85
2026-05-01,4,False,True,Erster Mai,,,False,True,22.7,6.6,0.0,15.7,20.866666666666667
2026-05-02,5,True,False,,,,True,True,26.5,11.5,0.1,20.6,20.9
2026-05-03,6,True,False,,,,False,True,25.3,12.1,1.0,27.6,20.933333333333334
2026-05-04,0,False,False,,,,False,False,19.4,13.2,0.7,14.2,20.966666666666665
2026-05-05,1,False,False,,,,False,False,13.4,7.8,8.0,13.8,20.983333333333334
2026-05-06,2,False,False,,,,False,False,11.3,8.4,14.2,16.5,21.016666666666666
2026-05-07,3,False,False,,,,False,False,14.6,7.0,0.0,13.1,21.05
2026-05-08,4,False,False,,,,False,False,16.4,4.4,0.0,13.9,21.083333333333332
2026-05-09,5,True,False,,,,False,False,16.1,5.2,0.1,13.5,21.1
2026-05-10,6,True,False,,,,False,False,17.3,8.9,0.9,18.6,21.133333333333333
2026-05-11,0,False,False,,,,False,False,11.4,5.7,4.2,21.7,21.166666666666668
2026-05-12,1,False,False,,,,False,False,10.5,3.9,3.3,24.1,21.183333333333334
2026-05-13,2,False,False,,,,False,False,12.1,6.4,5.3,15.5,21.216666666666665
2026-05-14,3,False,True,Christi Himmelfahrt,,,False,False,11.0,5.4,7.6,12.2,21.25
2026-05-15,4,False,False,,,,False,False,12.7,3.5,1.6,21.1,21.266666666666666
2026-05-16,5,True,False,,,,True,False,13.2,6.0,3.0,19.1,21.3
2026-05-17,6,True,False,,,,False,False,15.0,5.4,0.4,15.0,21.316666666666666
2026-05-18,0,False,False,,,,False,False,15.5,8.8,4.3,17.0,21.35
2026-05-19,1,False,False,,,,False,False,17.3,7.3,1.0,13.2,21.383333333333333
2026-05-20,2,False,False,,,,False,False,16.3,12.0,13.2,18.8,21.4
2026-05-21,3,False,False,,,,False,False,19.6,11.0,0.8,14.7,21.416666666666668
2026-05-22,4,False,False,,,,False,False,22.0,10.7,0.0,8.3,21.45
2026-05-23,5,True,False,,,,False,False,27.3,13.2,0.0,10.6,21.466666666666665
2026-05-24,6,True,False,,,,False,False,22.7,14.6,0.0,13.3,21.5
2026-05-25,0,False,True,Pfingstmontag,,,False,False,25.1,11.5,0.0,6.8,21.516666666666666
2026-05-26,1,False,False,,,,False,False,29.5,13.7,0.0,15.1,21.55
2026-05-27,2,False,False,,,,False,False,19.6,11.9,0.0,16.5,21.566666666666666
2026-05-28,3,False,False,,,,False,False,21.2,9.0,0.0,9.8,21.583333333333332
2026-05-29,4,False,False,,,,False,False,28.0,10.8,3.2,26.5,21.6
2026-05-30,5,True,False,,,,False,False,22.5,12.7,0.0,13.9,21.633333333333333
2026-05-31,6,True,False,,,,False,False,23.0,11.5,0.6,14.5,21.65
2026-06-01,0,False,False,,,,False,True,22.3,12.0,0.2,11.2,21.666666666666668
2026-06-02,1,False,False,,,,False,True,25.0,14.5,3.0,17.8,21.683333333333334
2026-06-03,2,False,False,,,,False,True,19.7,14.4,5.8,18.5,21.7
2026-06-04,3,False,False,,,,False,False,17.9,14.4,8.8,20.5,21.716666666666665
2026-06-05,4,False,False,,,,False,False,17.9,12.3,14.7,18.9,21.75
2026-06-06,5,True,False,,,,False,False,20.8,11.8,1.7,13.7,21.766666666666666
2026-06-07,6,True,False,,,,False,False,18.5,13.3,3.0,27.8,21.766666666666666
2026-06-08,0,False,False,,,,False,False,21.7,11.9,0.1,16.0,21.783333333333335
2026-06-09,1,False,False,,,,False,False,17.1,12.4,9.3,19.5,21.8
2026-06-10,2,False,False,,,,False,False,17.4,9.6,2.2,16.0,21.816666666666666
2026-06-11,3,False,False,,,,False,False,16.4,9.1,3.2,15.2,21.833333333333332
2026-06-12,4,False,False,,,,False,False,19.1,11.3,2.0,25.2,21.833333333333332
2026-06-13,5,True,False,,,,False,False,16.9,12.5,4.2,29.0,21.85
2026-06-14,6,True,False,,,,False,False,16.4,11.5,1.7,24.0,21.85
2026-06-15,0,False,False,,,,False,False,16.0,11.2,0.5,25.2,21.866666666666667
2026-06-16,1,False,False,,,,False,False,20.1,7.7,0.0,14.7,21.866666666666667
2026-06-17,2,False,False,,,,False,False,23.8,9.8,0.2,14.6,21.883333333333333
2026-06-18,3,False,False,,,,False,False,27.9,16.2,0.2,14.2,21.883333333333333
2026-06-19,4,False,False,,,,False,False,29.3,19.5,4.2,20.1,21.9
2026-06-20,5,True,False,,,,False,False,30.4,19.6,4.7,21.9,21.9
2026-06-21,6,True,False,,,,False,False,26.9,18.1,0.3,13.6,21.9
2026-06-22,0,False,False,,,,False,False,26.3,16.1,0.0,17.6,21.9
2026-06-23,1,False,False,,,,False,False,26.8,14.8,0.0,10.2,21.9
2026-06-24,2,False,False,,,,False,False,32.1,16.5,0.1,12.3,21.916666666666668
2026-06-25,3,False,False,,,,False,False,29.4,20.0,0.0,12.3,21.916666666666668
2026-06-26,4,False,False,,,,False,False,34.0,17.6,0.0,14.9,21.916666666666668
2026-06-27,5,True,False,,,,False,False,33.4,21.7,2.6,17.5,21.9
2026-06-28,6,True,False,,,,False,False,30.3,21.1,7.6,23.3,21.9
2026-06-29,0,False,False,,,,False,False,25.4,19.1,0.5,12.8,21.9
2026-06-30,1,False,False,,,,False,False,25.5,16.3,3.0,12.3,21.9
2026-07-01,2,False,False,,,,False,True,23.6,15.6,2.3,15.0,21.883333333333333
2026-07-02,3,False,False,,Sommerferien,,False,True,24.0,13.6,3.1,29.6,21.883333333333333
2026-07-03,4,False,False,,Sommerferien,,False,True,20.0,13.7,0.6,26.0,21.866666666666667
2026-07-04,5,True,False,,Sommerferien,,False,False,20.5,12.4,5.6,26.1,21.866666666666667
2026-07-05,6,True,False,,Sommerferien,,False,False,20.2,15.6,3.8,21.1,21.85
2026-07-06,0,False,False,,Sommerferien,,False,False,20.4,14.0,3.4,22.5,21.85
2026-07-07,1,False,False,,Sommerferien,,False,False,22.4,16.3,3.0,27.7,21.833333333333332
2026-07-08,2,False,False,,Sommerferien,,False,False,21.1,13.1,0.0,18.4,21.816666666666666
2026-07-09,3,False,False,,Sommerferien,,False,False,21.8,13.9,0.3,16.4,21.816666666666666
2026-07-10,4,False,False,,Sommerferien,,False,False,25.3,15.4,0.0,13.0,21.8
2026-07-11,5,True,False,,Sommerferien,,False,False,27.4,16.0,0.0,13.9,21.783333333333335
2026-07-12,6,True,False,,Sommerferien,,False,False,26.7,16.6,0.0,14.8,21.766666666666666
2026-07-13,0,False,False,,Sommerferien,,False,False,28.4,13.3,1.0,20.8,21.75
2026-07-14,1,False,False,,Sommerferien,,False,False,27.1,17.0,0.0,18.1,21.733333333333334
2026-07-15,2,False,False,,Sommerferien,,False,False,26.6,16.0,0.7,13.6,21.716666666666665
2026-07-16,3,False,False,,Sommerferien,,False,False,25.7,17.6,0.7,12.4,21.7
2026-07-17,4,False,False,,Sommerferien,,False,False,27.8,17.3,2.6,16.9,21.683333333333334
2026-07-18,5,True,False,,Sommerferien,,False,False,20.2,15.7,0.3,21.3,21.65
2026-07-19,6,True,False,,Sommerferien,,False,False,19.0,13.3,6.7,24.4,21.633333333333333
2026-07-20,0,False,False,,Sommerferien,,False,False,19.0,12.7,2.0,19.3,21.616666666666667
2026-07-21,1,False,False,,Sommerferien,,False,False,21.4,12.2,1.2,16.3,21.6
2026-07-22,2,False,False,,Sommerferien,,False,False,19.6,14.4,2.3,25.5,21.566666666666666
2026-07-23,3,False,False,,Sommerferien,,False,False,18.8,13.7,0.0,16.7,21.55
2026-07-24,4,False,False,,Sommerferien,,False,False,20.2,11.9,0.0,12.1,21.516666666666666
2026-07-25,5,True,False,,Sommerferien,,False,False,27.0,12.8,0.0,18.7,21.5
2026-07-26,6,True,False,,Sommerferien,,False,False,20.9,16.4,10.6,23.4,21.466666666666665
2026-07-27,0,False,False,,Sommerferien,,False,False,18.9,14.3,2.0,18.4,21.45
2026-07-28,1,False,False,,Sommerferien,,False,False,25.0,12.5,0.0,17.7,21.416666666666668
2026-07-29,2,False,False,,Sommerferien,,False,False,31.4,16.9,0.0,12.8,21.383333333333333
2026-07-30,3,False,False,,Sommerferien,,False,False,35.0,18.7,0.6,18.6,21.366666666666667
2026-07-31,4,False,False,,Sommerferien,,False,False,25.6,14.5,1.1,15.9,21.333333333333332
2026-08-01,5,True,False,,Sommerferien,,False,True,22.0,12.8,0.0,11.4,21.3
2026-08-02,6,True,False,,Sommerferien,,False,True,25.0,11.4,0.0,17.3,21.283333333333335
2026-08-03,0,False,False,,Sommerferien,,False,True,28.3,15.6,0.1,16.4,21.25
2026-08-04,1,False,False,,Sommerferien,,False,False,30.7,18.8,5.1,13.0,21.216666666666665
2026-08-05,2,False,False,,Sommerferien,,False,False,28.7,21.0,2.5,19.5,21.183333333333334
2026-08-06,3,False,False,,Sommerferien,,False,False,24.3,17.0,0.1,22.7,21.15
2026-08-07,4,False,False,,Sommerferien,,False,False,20.2,13.7,0.1,13.0,21.116666666666667
2026-08-08,5,True,False,,Sommerferien,,False,False,24.1,12.4,0.0,9.1,21.083333333333332
2026-08-09,6,True,False,,Sommerferien,,False,False,29.9,14.9,0.0,14.0,21.05
2026-08-10,0,False,False,,Sommerferien,,False,False,23.2,16.0,0.5,20.2,21.033333333333335
2026-08-11,1,False,False,,Sommerferien,,False,False,21.4,12.4,0.0,14.9,21.0
2026-08-12,2,False,False,,Sommerferien,,False,False,23.9,9.9,0.0,10.3,20.966666666666665
2026-08-13,3,False,False,,,,False,False,28.9,13.9,0.0,15.0,20.933333333333334
2026-08-14,4,False,False,,,,False,False,33.5,17.3,0.0,14.9,20.883333333333333
2026-08-15,5,True,False,,,,False,False,26.5,17.3,0.0,17.0,20.85
2026-08-16,6,True,False,,,,False,False,24.0,14.4,0.2,14.2,20.816666666666666
2026-08-17,0,False,False,,,,False,False,18.6,14.5,2.8,15.5,20.783333333333335
2026-08-18,1,False,False,,,,False,False,20.4,13.8,1.4,14.5,20.75
2026-08-19,2,False,False,,,,False,False,18.7,15.7,2.8,14.6,20.716666666666665
2026-08-20,3,False,False,,,,False,False,22.2,13.2,4.1,18.5,20.666666666666668
2026-08-21,4,False,False,,,,False,False,20.6,13.7,5.1,14.4,20.633333333333333
2026-08-22,5,True,False,,,,False,False,18.8,12.5,1.0,22.4,20.6
2026-08-23,6,True,False,,,,False,False,19.2,11.9,0.6,20.0,20.566666666666666
2026-08-24,0,False,False,,,,False,False,19.7,12.0,0.1,11.7,20.533333333333335
2026-08-25,1,False,False,,,,False,False,24.1,11.7,0.0,19.9,20.483333333333334
2026-08-26,2,False,False,,,,False,False,22.7,15.0,0.0,19.4,20.45
2026-08-27,3,False,False,,,,False,False,28.3,15.4,0.0,22.3,20.416666666666668
2026-08-28,4,False,False,,,,False,False,24.3,16.7,18.7,21.5,20.383333333333333
2026-08-29,5,True,False,,,,False,False,23.4,15.7,2.4,28.0,20.333333333333332
2026-08-30,6,True,False,,,,False,False,20.9,16.7,2.1,30.1,20.3
2026-08-31,0,False,False,,,,False,False,19.9,14.4,10.5,24.0,20.266666666666666
2026-09-01,1,False,False,,,,False,True,21.1,14.4,0.9,21.1,20.216666666666665
2026-09-02,2,False,False,,,,False,True,21.2,12.0,1.6,15.8,20.183333333333334
2026-09-03,3,False,False,,,,False,True,22.8,16.1,1.3,25.6,20.15
2026-09-04,4,False,False,,,,False,False,21.2,16.4,5.9,34.6,20.1
2026-09-05,5,True,False,,,,False,False,19.2,14.2,1.6,30.5,20.066666666666666
2026-09-06,6,True,False,,,,False,False,20.3,11.4,0.0,15.7,20.033333333333335
2026-09-07,0,False,False,,,,False,False,27.2,13.8,0.0,13.8,19.983333333333334
2026-09-08,1,False,False,,,,False,False,23.1,16.4,6.0,22.9,19.95
2026-09-09,2,False,False,,,,False,False,18.0,12.9,7.2,24.2,19.9
2026-09-10,3,False,False,,,,False,False,18.4,11.1,0.1,15.0,19.866666666666667
2026-09-11,4,False,False,,,,False,False,20.6,9.6,4.3,16.0,19.816666666666666
2026-09-12,5,True,False,,,,False,False,20.8,11.9,1.3,14.0,19.783333333333335
2026-09-13,6,True,False,,,,False,False,21.5,14.7,1.8,16.5,19.75
2026-09-14,0,False,False,,,,False,False,20.1,10.4,0.0,9.6,19.7
2026-09-15,1,False,False,,,,False,False,26.5,16.1,1.9,18.9,19.666666666666668
2026-09-16,2,False,False,,,,False,False,19.1,12.9,12.2,16.4,19.616666666666667
2026-09-17,3,False,False,,,,False,False,18.1,11.7,0.6,23.6,19.583333333333332
2026-09-18,4,False,False,,,,False,False,18.7,12.7,0.5,20.3,19.55
2026-09-19,5,True,False,,,,False,False,20.8,14.3,0.2,28.5,19.5
2026-09-20,6,True,False,,,,False,False,19.0,13.6,6.9,28.4,19.466666666666665
2026-09-21,0,False,False,,,,False,False,17.7,12.4,0.2,23.9,19.416666666666668
2026-09-22,1,False,False,,,,False,False,18.8,10.2,0.0,12.8,19.383333333333333
2026-09-23,2,False,False,,,,False,False,19.5,8.5,1.6,16.0,19.35
2026-09-24,3,False,False,,,,False,False,16.7,11.2,0.7,27.6,19.3
2026-09-25,4,False,False,,,,False,False,18.8,7.4,0.0,9.1,19.266666666666666
2026-09-26,5,True,False,,,,False,False,20.1,9.5,0.6,11.3,19.216666666666665
2026-09-27,6,True,False,,,,False,False,25.0,11.4,0.0,20.0,19.183333333333334
2026-09-28,0,False,False,,,,False,False,25.2,12.4,0.0,13.0,19.133333333333333
2026-09-29,1,False,False,,,,False,False,25.0,15.5,0.0,18.6,19.1
2026-09-30,2,False,False,,,,False,False,25.3,14.9,0.0,16.4,19.066666666666666
2026-10-01,3,False,False,,,,False,True,22.0,16.4,18.3,16.6,19.016666666666666
2026-10-02,4,False,False,,,,False,True,19.5,12.9,2.9,9.4,18.983333333333334
2026-10-03,5,True,True,Tag der Deutschen Einheit,,,False,True,19.9,8.0,0.0,6.3,18.933333333333334
2026-10-04,6,True,False,,,,False,False,18.6,9.6,0.1,7.6,18.9
2026-10-05,0,False,False,,,,False,False,20.1,9.3,0.0,14.5,18.866666666666667
2026-10-06,1,False,False,,,,False,False,19.6,12.3,0.8,8.3,18.816666666666666
2026-10-07,2,False,False,,,,False,False,21.3,12.0,0.0,12.7,18.783333333333335
2026-10-08,3,False,False,,,,False,False,15.5,10.4,4.2,20.9,18.75
